{"chips": [], "plates": [{"model": "WHITE_4X7", "grid": [4, 7], "well_locations": [[69.787, 38.236, 13.06], [70.031, 53.8675, 13.0825], [70.275, 69.499, 13.105], [70.519, 85.13050000000001, 13.1275], [70.763, 100.762, 13.15], [71.007, 116.39350000000002, 13.1725], [71.251, 132.025, 13.195], [90.82766666666667, 38.236, 13.06], [91.07166666666667, 53.8675, 13.0825], [91.31566666666667, 69.499, 13.105], [91.55966666666667, 85.13050000000001, 13.1275], [91.80366666666667, 100.762, 13.15], [92.04766666666667, 116.39350000000002, 13.1725], [92.29166666666667, 132.025, 13.195], [111.86833333333334, 38.236, 13.06], [112.11233333333334, 53.8675, 13.0825], [112.35633333333334, 69.499, 13.105], [112.60033333333334, 85.13050000000001, 13.1275], [112.84433333333334, 100.762, 13.15], [113.08833333333334, 116.39350000000002, 13.1725], [113.33233333333334, 132.025, 13.195], [132.909, 38.236, 13.06], [133.153, 53.8675, 13.0825], [133.397, 69.499, 13.105], [133.641, 85.13050000000001, 13.1275], [133.885, 100.762, 13.15], [134.129, 116.39350000000002, 13.1725], [134.373, 132.025, 13.195]], "well_depth": [13, 13, 13, 13, 13, 13, 13, 13, 13, 13, 13, 13, 13, 13, 13, 13, 13, 13, 13, 13, 13, 13, 13, 13, 13, 13, 13, 13], "nicknames": ["A0", "A1", "A2", "A3", "A4", "A5", "A6", "B0", "B1", "B2", "B3", "B4", "B5", "B6", "C0", "C1", "C2", "C3", "C4", "C5", "C6", "D0", "D1", "D2", "D3", "D4", "D5", "D6"]}], "custom_locations": {}}