{"chips": [], "plates": [{"model": "Corning_384_Round_clear_flat_bottom", "grid": [16, 16], "well_locations": [[165.1, 331.1333333333334, 86.75], [171.97333333333333, 331.1333333333334, 86.75], [178.84666666666666, 331.1333333333334, 86.75], [185.72, 331.1333333333334, 86.75], [192.59333333333333, 331.1333333333334, 86.75], [199.46666666666667, 331.1333333333334, 86.75], [206.33999999999997, 331.1333333333334, 86.75], [213.2133333333333, 331.1333333333334, 86.75], [220.08666666666664, 331.1333333333334, 86.75], [226.95999999999998, 331.1333333333334, 86.75], [233.83333333333331, 331.1333333333334, 86.75], [240.70666666666665, 331.1333333333334, 86.75], [247.57999999999998, 331.1333333333334, 86.75], [254.45333333333332, 331.1333333333334, 86.75], [261.32666666666665, 331.1333333333334, 86.75], [268.2, 331.1333333333334, 86.75], [165.1, 322.20000000000005, 86.75], [171.97333333333333, 322.20000000000005, 86.75], [178.84666666666666, 322.20000000000005, 86.75], [185.72, 322.20000000000005, 86.75], [192.59333333333333, 322.20000000000005, 86.75], [199.46666666666667, 322.20000000000005, 86.75], [206.33999999999997, 322.20000000000005, 86.75], [213.2133333333333, 322.20000000000005, 86.75], [220.08666666666664, 322.20000000000005, 86.75], [226.95999999999998, 322.20000000000005, 86.75], [233.83333333333331, 322.20000000000005, 86.75], [240.70666666666665, 322.20000000000005, 86.75], [247.57999999999998, 322.20000000000005, 86.75], [254.45333333333332, 322.20000000000005, 86.75], [261.32666666666665, 322.20000000000005, 86.75], [268.2, 322.20000000000005, 86.75], [165.1, 308.80000000000007, 86.75], [171.97333333333333, 308.80000000000007, 86.75], [178.84666666666666, 308.80000000000007, 86.75], [185.72, 308.80000000000007, 86.75], [192.59333333333333, 308.80000000000007, 86.75], [199.46666666666667, 308.80000000000007, 86.75], [206.33999999999997, 308.80000000000007, 86.75], [213.2133333333333, 308.80000000000007, 86.75], [220.08666666666664, 308.80000000000007, 86.75], [226.95999999999998, 308.80000000000007, 86.75], [233.83333333333331, 308.80000000000007, 86.75], [240.70666666666665, 308.80000000000007, 86.75], [247.57999999999998, 308.80000000000007, 86.75], [254.45333333333332, 308.80000000000007, 86.75], [261.32666666666665, 308.80000000000007, 86.75], [268.2, 308.80000000000007, 86.75], [165.1, 290.9333333333334, 86.75], [171.97333333333333, 290.9333333333334, 86.75], [178.84666666666666, 290.9333333333334, 86.75], [185.72, 290.9333333333334, 86.75], [192.59333333333333, 290.9333333333334, 86.75], [199.46666666666667, 290.9333333333334, 86.75], [206.33999999999997, 290.9333333333334, 86.75], [213.2133333333333, 290.9333333333334, 86.75], [220.08666666666664, 290.9333333333334, 86.75], [226.95999999999998, 290.9333333333334, 86.75], [233.83333333333331, 290.9333333333334, 86.75], [240.70666666666665, 290.9333333333334, 86.75], [247.57999999999998, 290.9333333333334, 86.75], [254.45333333333332, 290.9333333333334, 86.75], [261.32666666666665, 290.9333333333334, 86.75], [268.2, 290.9333333333334, 86.75], [165.1, 268.6000000000001, 86.75], [171.97333333333333, 268.6000000000001, 86.75], [178.84666666666666, 268.6000000000001, 86.75], [185.72, 268.6000000000001, 86.75], [192.59333333333333, 268.6000000000001, 86.75], [199.46666666666667, 268.6000000000001, 86.75], [206.33999999999997, 268.6000000000001, 86.75], [213.2133333333333, 268.6000000000001, 86.75], [220.08666666666664, 268.6000000000001, 86.75], [226.95999999999998, 268.6000000000001, 86.75], [233.83333333333331, 268.6000000000001, 86.75], [240.70666666666665, 268.6000000000001, 86.75], [247.57999999999998, 268.6000000000001, 86.75], [254.45333333333332, 268.6000000000001, 86.75], [261.32666666666665, 268.6000000000001, 86.75], [268.2, 268.6000000000001, 86.75], [165.1, 241.80000000000007, 86.75], [171.97333333333333, 241.80000000000007, 86.75], [178.84666666666666, 241.80000000000007, 86.75], [185.72, 241.80000000000007, 86.75], [192.59333333333333, 241.80000000000007, 86.75], [199.46666666666667, 241.80000000000007, 86.75], [206.33999999999997, 241.80000000000007, 86.75], [213.2133333333333, 241.80000000000007, 86.75], [220.08666666666664, 241.80000000000007, 86.75], [226.95999999999998, 241.80000000000007, 86.75], [233.83333333333331, 241.80000000000007, 86.75], [240.70666666666665, 241.80000000000007, 86.75], [247.57999999999998, 241.80000000000007, 86.75], [254.45333333333332, 241.80000000000007, 86.75], [261.32666666666665, 241.80000000000007, 86.75], [268.2, 241.80000000000007, 86.75], [165.1, 210.53333333333342, 86.75], [171.97333333333333, 210.53333333333342, 86.75], [178.84666666666666, 210.53333333333342, 86.75], [185.72, 210.53333333333342, 86.75], [192.59333333333333, 210.53333333333342, 86.75], [199.46666666666667, 210.53333333333342, 86.75], [206.33999999999997, 210.53333333333342, 86.75], [213.2133333333333, 210.53333333333342, 86.75], [220.08666666666664, 210.53333333333342, 86.75], [226.95999999999998, 210.53333333333342, 86.75], [233.83333333333331, 210.53333333333342, 86.75], [240.70666666666665, 210.53333333333342, 86.75], [247.57999999999998, 210.53333333333342, 86.75], [254.45333333333332, 210.53333333333342, 86.75], [261.32666666666665, 210.53333333333342, 86.75], [268.2, 210.53333333333342, 86.75], [165.1, 174.80000000000007, 86.75], [171.97333333333333, 174.80000000000007, 86.75], [178.84666666666666, 174.80000000000007, 86.75], [185.72, 174.80000000000007, 86.75], [192.59333333333333, 174.80000000000007, 86.75], [199.46666666666667, 174.80000000000007, 86.75], [206.33999999999997, 174.80000000000007, 86.75], [213.2133333333333, 174.80000000000007, 86.75], [220.08666666666664, 174.80000000000007, 86.75], [226.95999999999998, 174.80000000000007, 86.75], [233.83333333333331, 174.80000000000007, 86.75], [240.70666666666665, 174.80000000000007, 86.75], [247.57999999999998, 174.80000000000007, 86.75], [254.45333333333332, 174.80000000000007, 86.75], [261.32666666666665, 174.80000000000007, 86.75], [268.2, 174.80000000000007, 86.75], [165.1, 134.60000000000008, 86.75], [171.97333333333333, 134.60000000000008, 86.75], [178.84666666666666, 134.60000000000008, 86.75], [185.72, 134.60000000000008, 86.75], [192.59333333333333, 134.60000000000008, 86.75], [199.46666666666667, 134.60000000000008, 86.75], [206.33999999999997, 134.60000000000008, 86.75], [213.2133333333333, 134.60000000000008, 86.75], [220.08666666666664, 134.60000000000008, 86.75], [226.95999999999998, 134.60000000000008, 86.75], [233.83333333333331, 134.60000000000008, 86.75], [240.70666666666665, 134.60000000000008, 86.75], [247.57999999999998, 134.60000000000008, 86.75], [254.45333333333332, 134.60000000000008, 86.75], [261.32666666666665, 134.60000000000008, 86.75], [268.2, 134.60000000000008, 86.75], [165.1, 89.93333333333341, 86.75], [171.97333333333333, 89.93333333333341, 86.75], [178.84666666666666, 89.93333333333341, 86.75], [185.72, 89.93333333333341, 86.75], [192.59333333333333, 89.93333333333341, 86.75], [199.46666666666667, 89.93333333333341, 86.75], [206.33999999999997, 89.93333333333341, 86.75], [213.2133333333333, 89.93333333333341, 86.75], [220.08666666666664, 89.93333333333341, 86.75], [226.95999999999998, 89.93333333333341, 86.75], [233.83333333333331, 89.93333333333341, 86.75], [240.70666666666665, 89.93333333333341, 86.75], [247.57999999999998, 89.93333333333341, 86.75], [254.45333333333332, 89.93333333333341, 86.75], [261.32666666666665, 89.93333333333341, 86.75], [268.2, 89.93333333333341, 86.75], [165.1, 40.800000000000075, 86.75], [171.97333333333333, 40.800000000000075, 86.75], [178.84666666666666, 40.800000000000075, 86.75], [185.72, 40.800000000000075, 86.75], [192.59333333333333, 40.800000000000075, 86.75], [199.46666666666667, 40.800000000000075, 86.75], [206.33999999999997, 40.800000000000075, 86.75], [213.2133333333333, 40.800000000000075, 86.75], [220.08666666666664, 40.800000000000075, 86.75], [226.95999999999998, 40.800000000000075, 86.75], [233.83333333333331, 