{"chips": [], "plates": [{"model": "Corning_384_Round_clear_flat_bottom", "grid": [16, 16], "well_locations": [[165.7, 331.5133333333333, 83.8], [172.6, 331.50666666666666, 83.79333333333334], [179.5, 331.5, 83.78666666666666], [186.39999999999998, 331.49333333333334, 83.78], [193.29999999999998, 331.4866666666666, 83.77333333333333], [200.2, 331.47999999999996, 83.76666666666667], [207.1, 331.4733333333333, 83.75999999999999], [214.0, 331.46666666666664, 83.75333333333333], [220.89999999999998, 331.46, 83.74666666666666], [227.79999999999998, 331.4533333333333, 83.74], [234.7, 331.44666666666666, 83.73333333333332], [241.6, 331.44, 83.72666666666666], [248.5, 331.4333333333333, 83.71999999999998], [255.39999999999998, 331.4266666666666, 83.71333333333332], [262.3, 331.41999999999996, 83.70666666666665], [269.2, 331.4133333333333, 83.69999999999999], [165.7, 322.53999999999996, 83.8], [172.6, 322.5333333333333, 83.79333333333334], [179.5, 322.52666666666664, 83.78666666666666], [186.39999999999998, 322.52, 83.78], [193.29999999999998, 322.51333333333326, 83.77333333333333], [200.2, 322.5066666666666, 83.76666666666667], [207.1, 322.49999999999994, 83.75999999999999], [214.0, 322.4933333333333, 83.75333333333333], [220.89999999999998, 322.4866666666666, 83.74666666666666], [227.79999999999998, 322.47999999999996, 83.74], [234.7, 322.4733333333333, 83.73333333333332], [241.6, 322.46666666666664, 83.72666666666666], [248.5, 322.4599999999999, 83.71999999999998], [255.39999999999998, 322.45333333333326, 83.71333333333332], [262.3, 322.4466666666666, 83.70666666666665], [269.2, 322.43999999999994, 83.69999999999999], [165.7, 309.08, 83.8], [172.6, 309.0733333333333, 83.79333333333334], [179.5, 309.06666666666666, 83.78666666666666], [186.39999999999998, 309.06, 83.78], [193.29999999999998, 309.0533333333333, 83.77333333333333], [200.2, 309.0466666666666, 83.76666666666667], [207.1, 309.03999999999996, 83.75999999999999], [214.0, 309.0333333333333, 83.75333333333333], [220.89999999999998, 309.02666666666664, 83.74666666666666], [227.79999999999998, 309.02, 83.74], [234.7, 309.0133333333333, 83.73333333333332], [241.6, 309.00666666666666, 83.72666666666666], [248.5, 308.99999999999994, 83.71999999999998], [255.39999999999998, 308.9933333333333, 83.71333333333332], [262.3, 308.9866666666666, 83.70666666666665], [269.2, 308.97999999999996, 83.69999999999999], [165.7, 291.1333333333333, 83.8], [172.6, 291.12666666666667, 83.79333333333334], [179.5, 291.12, 83.78666666666666], [186.39999999999998, 291.11333333333334, 83.78], [193.29999999999998, 291.1066666666666, 83.77333333333333], [200.2, 291.09999999999997, 83.76666666666667], [207.1, 291.0933333333333, 83.75999999999999], [214.0, 291.08666666666664, 83.75333333333333], [220.89999999999998, 291.08, 83.74666666666666], [227.79999999999998, 291.0733333333333, 83.74], [234.7, 291.06666666666666, 83.73333333333332], [241.6, 291.06, 83.72666666666666], [248.5, 291.0533333333333, 83.71999999999998], [255.39999999999998, 291.0466666666666, 83.71333333333332], [262.3, 291.03999999999996, 83.70666666666665], [269.2, 291.0333333333333, 83.69999999999999], [165.7, 268.7, 83.8], [172.6, 268.6933333333333, 83.79333333333334], [179.5, 268.68666666666667, 83.78666666666666], [186.39999999999998, 268.68, 83.78], [193.29999999999998, 268.6733333333333, 83.77333333333333], [200.2, 268.66666666666663, 83.76666666666667], [207.1, 268.65999999999997, 83.75999999999999], [214.0, 268.6533333333333, 83.75333333333333], [220.89999999999998, 268.64666666666665, 83.74666666666666], [227.79999999999998, 268.64, 83.74], [234.7, 268.6333333333333, 83.73333333333332], [241.6, 268.62666666666667, 83.72666666666666], [248.5, 268.61999999999995, 83.71999999999998], [255.39999999999998, 268.6133333333333, 83.71333333333332], [262.3, 268.6066666666666, 83.70666666666665], [269.2, 268.59999999999997, 83.69999999999999], [165.7, 241.77999999999997, 83.8], [172.6, 241.7733333333333, 83.79333333333334], [179.5, 241.76666666666662, 83.78666666666666], [186.39999999999998, 241.75999999999996, 83.78], [193.29999999999998, 241.7533333333333, 83.77333333333333], [200.2, 241.74666666666664, 83.76666666666667], [207.1, 241.73999999999995, 83.75999999999999], [214.0, 241.7333333333333, 83.75333333333333], [220.89999999999998, 241.72666666666663, 83.74666666666666], [227.79999999999998, 241.71999999999997, 83.74], [234.7, 241.71333333333328, 83.73333333333332], [241.6, 241.70666666666662, 83.72666666666666], [248.5, 241.69999999999996, 83.71999999999998], [255.39999999999998, 241.6933333333333, 83.71333333333332], [262.3, 241.6866666666666, 83.70666666666665], [269.2, 241.67999999999995, 83.69999999999999], [165.7, 210.3733333333333, 83.8], [172.6, 210.36666666666665, 83.79333333333334], [179.5, 210.35999999999996, 83.78666666666666], [186.39999999999998, 210.3533333333333, 83.78], [193.29999999999998, 210.34666666666664, 83.77333333333333], [200.2, 210.33999999999997, 83.76666666666667], [207.1, 210.3333333333333, 83.75999999999999], [214.0, 210.32666666666663, 83.75333333333333], [220.89999999999998, 210.31999999999996, 83.74666666666666], [227.79999999999998, 210.3133333333333, 83.74], [234.7, 210.30666666666662, 83.73333333333332], [241.6, 210.29999999999995, 83.72666666666666], [248.5, 210.2933333333333, 83.71999999999998], [255.39999999999998, 210.28666666666663, 83.71333333333332], [262.3, 210.27999999999994, 83.70666666666665], [269.2, 210.27333333333328, 83.69999999999999], [165.7, 174.47999999999996, 83.8], [172.6, 174.4733333333333, 83.79333333333334], [179.5, 174.4666666666666, 83.78666666666666], [186.39999999999998, 174.45999999999995, 83.78], [193.29999999999998, 174.4533333333333, 83.77333333333333], [200.2, 174.44666666666663, 83.76666666666667], [207.1, 174.43999999999994, 83.75999999999999], [214.0, 174.43333333333328, 83.75333333333333], [220.89999999999998, 174.42666666666662, 83.74666666666666], [227.79999999999998, 174.41999999999996, 83.74], [234.7, 174.41333333333327, 83.73333333333332], [241.6, 174.4066666666666, 83.72666666666666], [248.5, 174.39999999999995, 83.71999999999998], [255.39999999999998, 174.3933333333333, 83.71333333333332], [262.3, 174.3866666666666, 83.70666666666665], [269.2, 174.37999999999994, 83.69999999999999], [165.7, 134.09999999999997, 83.8], [172.6, 134.0933333333333, 83.79333333333334], [179.5, 134.08666666666662, 83.78666666666666], [186.39999999999998, 134.07999999999996, 83.78], [193.29999999999998, 134.0733333333333, 83.77333333333333], [200.2, 134.06666666666663, 83.76666666666667], [207.1, 134.05999999999995, 83.75999999999999], [214.0, 134.05333333333328, 83.75333333333333], [220.89999999999998, 134.04666666666662, 83.74666666666666], [227.79999999999998, 134.03999999999996, 83.74], [234.7, 134.03333333333327, 83.73333333333332], [241.6, 134.0266666666666, 83.72666666666666], [248.5, 134.01999999999995, 83.71999999999998], [255.39999999999998, 134.0133333333333, 83.71333333333332], [262.3, 134.0066666666666, 83.70666666666665], [269.2, 133.99999999999994, 83.69999999999999], [165.7, 89.23333333333329, 83.8], [172.6, 89.22666666666662, 83.79333333333334], [179.5, 89.21999999999996, 83.78666666666666], [186.39999999999998, 89.21333333333328, 83.78], [193.29999999999998, 89.20666666666662, 83.77333333333333], [200.2, 89.19999999999995, 83.76666666666667], [207.1, 89.19333333333329, 83.75999999999999], [214.0, 89.18666666666661, 83.75333333333333], [220.89999999999998, 89.17999999999995, 83.74666666666666], [227.79999999999998, 89.17333333333328, 83.74], [234.7, 89.16666666666661, 83.73333333333332], [241.6, 89.15999999999994, 83.72666666666666], [248.5, 89.15333333333328, 83.71999999999998], [255.39999999999998, 89.1466666666666, 83.71333333333332], [262.3, 89.13999999999994, 83.70666666666665], [269.2, 89.13333333333327, 83.69999999999999], [165.7, 39.87999999999995, 83.8], [172.6, 39.873333333333285, 83.79333333333334], [179.5, 39.86666666666662, 83.78666666666666], [186.39999999999998, 