{"chips": [], "plates": [{"model": "Corning_384_Round_clear_flat_bottom", "grid": [16, 16], "well_locations": [[169.0, 337.0, 120.75], [173.66666666666666, 337.0, 120.75], [178.33333333333334, 337.0, 120.75], [183.0, 337.0, 120.75], [187.66666666666666, 337.0, 120.75], [192.33333333333334, 337.0, 120.75], [197.0, 337.0, 120.75], [201.66666666666669, 337.0, 120.75], [206.33333333333334, 337.0, 120.75], [211.0, 337.0, 120.75], [215.66666666666669, 337.0, 120.75], [220.33333333333334, 337.0, 120.75], [225.0, 337.0, 120.75], [229.66666666666669, 337.0, 120.75], [234.33333333333334, 337.0, 120.75], [239.0, 337.0, 120.75], [171.0, 331.0, 120.75], [175.66666666666666, 331.0, 120.75], [180.33333333333334, 331.0, 120.75], [185.0, 331.0, 120.75], [189.66666666666666, 331.0, 120.75], [194.33333333333334, 331.0, 120.75], [199.0, 331.0, 120.75], [203.66666666666669, 331.0, 120.75], [208.33333333333334, 331.0, 120.75], [213.0, 331.0, 120.75], [217.66666666666669, 331.0, 120.75], [222.33333333333334, 331.0, 120.75], [227.0, 331.0, 120.75], [231.66666666666669, 331.0, 120.75], [236.33333333333334, 331.0, 120.75], [241.0, 331.0, 120.75], [174.0, 322.0, 120.75], [178.66666666666666, 322.0, 120.75], [183.33333333333334, 322.0, 120.75], [188.0, 322.0, 120.75], [192.66666666666666, 322.0, 120.75], [197.33333333333334, 322.0, 120.75], [202.0, 322.0, 120.75], [206.66666666666669, 322.0, 120.75], [211.33333333333334, 322.0, 120.75], [216.0, 322.0, 120.75], [220.66666666666669, 322.0, 120.75], [225.33333333333334, 322.0, 120.75], [230.0, 322.0, 120.75], [234.66666666666669, 322.0, 120.75], [239.33333333333334, 322.0, 120.75], [244.0, 322.0, 120.75], [178.0, 310.0, 120.75], [182.66666666666666, 310.0, 120.75], [187.33333333333334, 310.0, 120.75], [192.0, 310.0, 120.75], [196.66666666666666, 310.0, 120.75], [201.33333333333334, 310.0, 120.75], [206.0, 310.0, 120.75], [210.66666666666669, 310.0, 120.75], [215.33333333333334, 310.0, 120.75], [220.0, 310.0, 120.75], [224.66666666666669, 310.0, 120.75], [229.33333333333334, 310.0, 120.75], [234.0, 310.0, 120.75], [238.66666666666669, 310.0, 120.75], [243.33333333333334, 310.0, 120.75], [248.0, 310.0, 120.75], [183.0, 295.0, 120.75], [187.66666666666666, 295.0, 120.75], [192.33333333333334, 295.0, 120.75], [197.0, 295.0, 120.75], [201.66666666666666, 295.0, 120.75], [206.33333333333334, 295.0, 120.75], [211.0, 295.0, 120.75], [215.66666666666669, 295.0, 120.75], [220.33333333333334, 295.0, 120.75], [225.0, 295.0, 120.75], [229.66666666666669, 295.0, 120.75], [234.33333333333334, 295.0, 120.75], [239.0, 295.0, 120.75], [243.66666666666669, 295.0, 120.75], [248.33333333333334, 295.0, 120.75], [253.0, 295.0, 120.75], [189.0, 277.0, 120.75], [193.66666666666666, 277.0, 120.75], [198.33333333333334, 277.0, 120.75], [203.0, 277.0, 120.75], [207.66666666666666, 277.0, 120.75], [212.33333333333334, 277.0, 120.75], [217.0, 277.0, 120.75], [221.66666666666669, 277.0, 120.75], [226.33333333333334, 277.0, 120.75], [231.0, 277.0, 120.75], [235.66666666666669, 277.0, 120.75], [240.33333333333334, 277.0, 120.75], [245.0, 277.0, 120.75], [249.66666666666669, 277.0, 120.75], [254.33333333333334, 277.0, 120.75], [259.0, 277.0, 120.75], [196.0, 256.0, 120.75], [200.66666666666666, 256.0, 120.75], [205.33333333333334, 256.0, 120.75], [210.0, 256.0, 120.75], [214.66666666666666, 256.0, 120.75], [219.33333333333334, 256.0, 120.75], [224.0, 256.0, 120.75], [228.66666666666669, 256.0, 120.75], [233.33333333333334, 256.0, 120.75], [238.0, 256.0, 120.75], [242.66666666666669, 256.0, 120.75], [247.33333333333334, 256.0, 120.75], [252.0, 256.0, 120.75], [256.6666666666667, 256.0, 120.75], [261.33333333333337, 256.0, 120.75], [266.0, 256.0, 120.75], [204.0, 232.0, 120.75], [208.66666666666666, 232.0, 120.75], [213.33333333333334, 232.0, 120.75], [218.0, 232.0, 120.75], [222.66666666666666, 232.0, 120.75], [227.33333333333334, 232.0, 120.75], [232.0, 232.0, 120.75], [236.66666666666669, 232.0, 120.75], [241.33333333333334, 232.0, 120.75], [246.0, 232.0, 120.75], [250.66666666666669, 232.0, 120.75], [255.33333333333334, 232.0, 120.75], [260.0, 232.0, 120.75], [264.6666666666667, 232.0, 120.75], [269.33333333333337, 232.0, 120.75], [274.0, 232.0, 120.75], [213.0, 205.0, 120.75], [217.66666666666666, 205.0, 120.75], [222.33333333333334, 205.0, 120.75], [227.0, 205.0, 120.75], [231.66666666666666, 205.0, 120.75], [236.33333333333334, 205.0, 120.75], [241.0, 205.0, 120.75], [245.66666666666669, 205.0, 120.75], [250.33333333333334, 205.0, 120.75], [255.0, 205.0, 120.75], [259.6666666666667, 205.0, 120.75], [264.3333333333333, 205.0, 120.75], [269.0, 205.0, 120.75], [273.6666666666667, 205.0, 120.75], [278.33333333333337, 205.0, 120.75], [283.0, 205.0, 120.75], [223.0, 175.0, 120.75], [227.66666666666666, 175.0, 120.75], [232.33333333333334, 175.0, 120.75], [237.0, 175.0, 120.75], [241.66666666666666, 175.0, 120.75], [246.33333333333334, 175.0, 120.75], [251.0, 175.0, 120.75], [255.66666666666669, 175.0, 120.75], [260.3333333333333, 175.0, 120.75], [265.0, 175.0, 120.75], [269.6666666666667, 175.0, 120.75], [274.3333333333333, 175.0, 120.75], [279.0, 175.0, 120.75], [283.6666666666667, 175.0, 120.75], [288.33333333333337, 175.0, 120.75], [293.0, 175.0, 120.75], [234.0, 142.0, 120.75], [238.66666666666666, 142.0, 120.75], [243.33333333333334, 142.0, 120.75], [248.0, 142.0, 120.75], [252.66666666666666, 142.0, 120.75], [257.3333333333333, 142.0, 120.75], [262.0, 142.0, 120.75], [266.6666666666667, 142.0, 120.75], [271.3333333333333, 142.0, 120.75], [276.0, 142.0, 120.75], [280.6666666666667, 142.0, 120.75], [285.3333333333333, 142.0, 120.75], [290.0, 142.0, 120.75], [294.6666666666667, 142.0, 120.75], [299.33333333333337, 142.0, 120.75], [304.0, 142.0, 120.75], [246.0, 106.0, 120.75], [250.66666666666666, 106.0, 120.75], [255.33333333333334, 106.0, 120.75], [260.0, 106.0, 120.75], [264.6666666666667, 106.0, 120.75], [269.3333333333333, 106.0, 120.75], [274.0, 106.0, 120.75], [278.6666666666667, 106.0, 120.75], [283.3333333333333, 106.0, 120.75], [288.0, 106.0, 120.75], [292.6666666666667, 106.0, 120.75], [297.3333333333333, 106.0, 120.75], [302.0, 106.0, 120.75], [306.6666666666667, 106.0, 120.75], [311.33333333333337, 106.0, 120.75], [316.0, 106.0, 120.75], [259.0, 67.0, 120.75], [263.6666666666667, 67.0, 120.75], [268.3333333333333, 67.0, 120.75], [273.0, 67.0, 120.75], [277.6666666666667, 67.0, 120.75], [282.3333333333333, 67.0, 120.75], [287.0, 67.0, 120.75], [291.6666666666667, 67.0, 120.75], [296.3333333333333, 67.0, 120.75], [301.0, 67.0, 120.75], [305.6666666666667, 67.0, 120.75], [310.3333333333333, 67.0, 120.75], [315.0, 67.0, 120.75], [319.6666666666667, 67.0, 120.75], [324.33333333333337, 67.0, 120.75], [329.0, 67.0, 120.75], [273.0, 25.0, 120.75], [277.6666666666667, 25.0, 120.75], [282.3333333333333, 25.0, 120.75], [287.0, 25.0, 120.75], [291.6666666666667, 25.0, 120.75], [296.3333333333333, 25.0, 120.75], [301.0, 25.0, 120.75], [305.6666666666667, 25.0, 120.75], [310.3333333333333, 25.0, 120.75], [315.0, 25.0, 120.75], [319.6666666666667, 25.0, 120.75], [324.3333333333333, 25.0, 120.75], [329.0, 25.0, 120.75], [333.6666666666667, 25.0, 120.75], [338.33333333333337, 25.0, 120.75], [343.0, 25.0, 120.75], [288.0, -20.0, 120.75], [292.6666666666667, -20.0, 120.75], [297.3333333333333, -20.0, 120.75], [302.0, -20.0, 120.75], [306.6666666666667, -20.0, 120.75], [311.3333333333333, -20.0, 120.75], [316.0, -20.0, 120.75], [320.6666666666667, -20.0, 120.75], [325.3333333333333, -20.0, 120.75], [330.0, -20.0, 120.75], [334.6666666666667, -20.0, 120.75], [339.3333333333333, -20.0, 120.75], [344.0, -20.0, 120.75], [348.6666666666667, -20.0, 120.75], [353.33333333333337, -20.0, 120.75], [358.0, -20.0, 120.75], [304.0, -68.0, 120.75], [308.6666666666667, -68.0, 120.75], [313.3333333333333, -68.0, 120.75], [318.0, -68.0, 120.75], [322.6666666666667, -68.0, 120.75], [327.3333333333333, -68.0, 120.75], [332.0, -68.0, 120.75], [336.6666666666667, -68.0, 120.75], 