{"chips": [], "plates": [{"model": "Corning_384_Round_clear_flat_bottom", "grid": [16, 16], "well_locations": [[165.59333333333333, 332.29333333333335, 86.39999999999999], [172.49333333333334, 332.29333333333335, 86.39999999999999], [179.39333333333335, 332.29333333333335, 86.39999999999999], [186.29333333333335, 332.29333333333335, 86.39999999999999], [193.19333333333333, 332.29333333333335, 86.39999999999999], [200.09333333333336, 332.29333333333335, 86.39999999999999], [206.99333333333334, 332.29333333333335, 86.39999999999999], [213.89333333333335, 332.29333333333335, 86.39999999999999], [220.79333333333335, 332.29333333333335, 86.39999999999999], [227.69333333333336, 332.29333333333335, 86.39999999999999], [234.59333333333336, 332.29333333333335, 86.39999999999999], [241.49333333333334, 332.29333333333335, 86.39999999999999], [248.39333333333337, 332.29333333333335, 86.39999999999999], [255.29333333333335, 332.29333333333335, 86.39999999999999], [262.1933333333334, 332.29333333333335, 86.39999999999999], [269.09333333333336, 332.29333333333335, 86.39999999999999], [165.58, 323.28000000000003, 86.39999999999999], [172.48000000000002, 323.28000000000003, 86.39999999999999], [179.38000000000002, 323.28000000000003, 86.39999999999999], [186.28000000000003, 323.28000000000003, 86.39999999999999], [193.18, 323.28000000000003, 86.39999999999999], [200.08000000000004, 323.28000000000003, 86.39999999999999], [206.98000000000002, 323.28000000000003, 86.39999999999999], [213.88000000000002, 323.28000000000003, 86.39999999999999], [220.78000000000003, 323.28000000000003, 86.39999999999999], [227.68000000000004, 323.28000000000003, 86.39999999999999], [234.58000000000004, 323.28000000000003, 86.39999999999999], [241.48000000000002, 323.28000000000003, 86.39999999999999], [248.38000000000005, 323.28000000000003, 86.39999999999999], [255.28000000000003, 323.28000000000003, 86.39999999999999], [262.18000000000006, 323.28000000000003, 86.39999999999999], [269.08000000000004, 323.28000000000003, 86.39999999999999], [165.56, 309.76000000000005, 86.39999999999999], [172.46, 309.76000000000005, 86.39999999999999], [179.36, 309.76000000000005, 86.39999999999999], [186.26000000000002, 309.76000000000005, 86.39999999999999], [193.16000000000003, 309.76000000000005, 86.39999999999999], [200.06, 309.76000000000005, 86.39999999999999], [206.96, 309.76000000000005, 86.39999999999999], [213.86, 309.76000000000005, 86.39999999999999], [220.76000000000002, 309.76000000000005, 86.39999999999999], [227.66000000000003, 309.76000000000005, 86.39999999999999], [234.56000000000003, 309.76000000000005, 86.39999999999999], [241.46000000000004, 309.76000000000005, 86.39999999999999], [248.36, 309.76000000000005, 86.39999999999999], [255.26000000000005, 309.76000000000005, 86.39999999999999], [262.16, 309.76000000000005, 86.39999999999999], [269.06000000000006, 309.76000000000005, 86.39999999999999], [165.53333333333333, 291.73333333333335, 86.39999999999999], [172.43333333333334, 291.73333333333335, 86.39999999999999], [179.33333333333334, 291.73333333333335, 86.39999999999999], [186.23333333333335, 291.73333333333335, 86.39999999999999], [193.13333333333333, 291.73333333333335, 86.39999999999999], [200.03333333333336, 291.73333333333335, 86.39999999999999], [206.93333333333334, 291.73333333333335, 86.39999999999999], [213.83333333333334, 291.73333333333335, 86.39999999999999], [220.73333333333335, 291.73333333333335, 86.39999999999999], [227.63333333333335, 291.73333333333335, 86.39999999999999], [234.53333333333336, 291.73333333333335, 86.39999999999999], [241.43333333333334, 291.73333333333335, 86.39999999999999], [248.33333333333337, 291.73333333333335, 86.39999999999999], [255.23333333333335, 291.73333333333335, 86.39999999999999], [262.1333333333333, 291.73333333333335, 86.39999999999999], [269.03333333333336, 291.73333333333335, 86.39999999999999], [165.5, 269.2, 86.39999999999999], [172.4, 269.2, 86.39999999999999], [179.3, 269.2, 86.39999999999999], [186.20000000000002, 269.2, 86.39999999999999], [193.10000000000002, 269.2, 86.39999999999999], [200.0, 269.2, 86.39999999999999], [206.9, 269.2, 86.39999999999999], [213.8, 269.2, 86.39999999999999], [220.70000000000002, 269.2, 86.39999999999999], [227.60000000000002, 269.2, 86.39999999999999], [234.50000000000003, 269.2, 86.39999999999999], [241.40000000000003, 269.2, 86.39999999999999], [248.3, 269.2, 86.39999999999999], [255.20000000000005, 269.2, 86.39999999999999], [262.1, 269.2, 86.39999999999999], [269.0, 269.2, 86.39999999999999], [165.46, 242.15999999999997, 86.39999999999999], [172.36, 242.15999999999997, 86.39999999999999], [179.26000000000002, 242.15999999999997, 86.39999999999999], [186.16000000000003, 242.15999999999997, 86.39999999999999], [193.06, 242.15999999999997, 86.39999999999999], [199.96000000000004, 242.15999999999997, 86.39999999999999], [206.86, 242.15999999999997, 86.39999999999999], [213.76000000000002, 242.15999999999997, 86.39999999999999], [220.66000000000003, 242.15999999999997, 86.39999999999999], [227.56000000000003, 242.15999999999997, 86.39999999999999], [234.46000000000004, 242.15999999999997, 86.39999999999999], [241.36, 242.15999999999997, 86.39999999999999], [248.26000000000005, 242.15999999999997, 86.39999999999999], [255.16000000000003, 242.15999999999997, 86.39999999999999], [262.06000000000006, 242.15999999999997, 86.39999999999999], [268.96000000000004, 242.15999999999997, 86.39999999999999], [165.41333333333336, 210.6133333333333, 86.39999999999999], [172.31333333333336, 210.6133333333333, 86.39999999999999], [179.21333333333337, 210.6133333333333, 86.39999999999999], [186.11333333333337, 210.6133333333333, 86.39999999999999], [193.01333333333338, 210.6133333333333, 86.39999999999999], [199.91333333333336, 210.6133333333333, 86.39999999999999], [206.81333333333336, 210.6133333333333, 86.39999999999999], [213.71333333333337, 210.6133333333333, 86.39999999999999], [220.61333333333337, 210.6133333333333, 86.39999999999999], [227.51333333333338, 210.6133333333333, 86.39999999999999], [234.41333333333338, 210.6133333333333, 86.39999999999999], [241.3133333333334, 210.6133333333333, 86.39999999999999], [248.21333333333337, 210.6133333333333, 86.39999999999999], [255.1133333333334, 210.6133333333333, 86.39999999999999], [262.0133333333334, 210.6133333333333, 86.39999999999999], [268.9133333333334, 210.6133333333333, 86.39999999999999], [165.36, 174.55999999999995, 86.39999999999999], [172.26000000000002, 174.55999999999995, 86.39999999999999], [179.16000000000003, 174.55999999999995, 86.39999999999999], [186.06000000000003, 174.55999999999995, 86.39999999999999], [192.96000000000004, 174.55999999999995, 86.39999999999999], [199.86, 174.55999999999995, 86.39999999999999], [206.76000000000002, 174.55999999999995, 86.39999999999999], [213.66000000000003, 174.55999999999995, 86.39999999999999], [220.56000000000003, 174.55999999999995, 86.39999999999999], [227.46000000000004, 174.55999999999995, 86.39999999999999], [234.36000000000004, 174.55999999999995, 86.39999999999999], [241.26000000000005, 174.55999999999995, 86.39999999999999], [248.16000000000003, 174.55999999999995, 86.39999999999999], [255.06000000000006, 174.55999999999995, 86.39999999999999], [261.96000000000004, 174.55999999999995, 86.39999999999999], [268.86, 174.55999999999995, 86.39999999999999], [165.3, 133.99999999999994, 86.39999999999999], [172.20000000000002, 133.99999999999994, 86.39999999999999], [179.10000000000002, 133.99999999999994, 86.39999999999999], [186.00000000000003, 133.99999999999994, 86.39999999999999], [192.90000000000003, 133.99999999999994, 86.39999999999999], [199.8, 133.99999999999994, 86.39999999999999], [206.70000000000002, 133.99999999999994, 86.39999999999999], [213.60000000000002, 133.99999999999994, 86.39999999999999], [220.50000000000003, 133.99999999999994, 86.39999999999999], [227.40000000000003, 133.99999999999994, 86.39999999999999], [234.30000000000004, 133.99999999999994, 86.39999999999999],